#name,region,country,latitude,longitude,location_type,conflict_date,population,fatalities,initial_idps,first_event_date,conflict_score,original_camps
Igbo-Eze North,Enugu,Nigeria,7.0047968,7.4594853,town,0,371500,0,14,,0.14,
Fune,Yobe,Nigeria,11.8920217,11.4324499,town,0,474700,0,1772,,0.18,
Ife Central,Osun,Nigeria,7.5463691,4.5280269,town,0,217100,0,8,,0.08,
Bichi,Kano,Nigeria,12.2334,8.24026,town,0,457700,0,135,,0.17,
Fakai,Kebbi,Nigeria,11.5267507,4.8830122,town,0,204600,0,7,,0.07,
Uruan,Akwa Ibom,Nigeria,5.0038805,8.0774824,town,0,149500,0,5,,0.05,
Yola North,Adamawa,Nigeria,9.2662849,12.251132,town,0,307900,0,3665,,0.11,
Obio/Akpor,Rivers,Nigeria,4.8663068,7.0202155,town,0,665000,0,26,,0.26,
Qua'An Pan,Plateau,Nigeria,8.7664165,9.1244816,town,0,290200,0,2477,,0.11,
Esan South East,Edo,Nigeria,6.576807,6.4860838,town,0,245700,0,9,,0.09,
Yewa North (Egbado North),Ogun,Nigeria,7.1798949,2.9043744,town,0,312700,0,12,,0.12,
Katcha,Niger,Nigeria,8.7617343,6.311747,town,0,207400,0,7,,0.07,
Warji,Bauchi,Nigeria,11.1465091,9.7588179,town,0,205300,0,230,,0.07,
Kaduna South,Kaduna,Nigeria,10.4984812,7.4022142,town,0,595000,0,580,,0.23,
Taura,Jigawa,Nigeria,12.2724893,9.3624188,town,0,226700,0,8,,0.08,
Bodinga,Sokoto,Nigeria,12.8106793,5.1723538,town,0,300900,0,907,,0.11,
Askira/Uba,Borno,Nigeria,10.7251526,13.1565189,town,0,210000,0,3012,,0.07,
Irepo,Oyo,Nigeria,9.0246081,3.8849516,town,0,173300,0,6,,0.06,
Ohaukwu,Ebonyi,Nigeria,6.5240374,8.0108481,town,0,291300,0,11,,0.11,
Boki,Cross River,Nigeria,6.2680356,9.0290841,town,0,284200,0,10,,0.1,
Bunkure,Kano,Nigeria,11.6690434,8.5487486,town,0,286900,0,23,,0.1,
Warri South,Delta,Nigeria,5.626158,5.6514533,town,0,427600,0,16,,0.16,
Gashaka,Taraba,Nigeria,7.5071871,11.3402371,town,0,137100,0,423,,0.04,
Ijebu North,Ogun,Nigeria,7.0321309,3.9914572,town,0,477100,0,18,,0.18,
Guzamala,Borno,Nigeria,12.8640065,13.2508969,town,0,140600,0,4,,0.04,
Akoko North West,Ondo,Nigeria,7.6501791,5.8147441,town,0,325500,0,12,,0.12,
Akko,Gombe,Nigeria,10.1003094,11.0028596,town,0,565000,0,6700,,0.22,
Ibarapa East,Oyo,Nigeria,7.5840667,3.459362,town,0,167500,0,6,,0.06,
Nnewi South,Anambra,Nigeria,5.9604744,6.9807066,town,0,332500,0,12,,0.12,
Logo,Benue,Nigeria,7.6671712,9.2074676,town,0,244800,0,11113,,0.09,
Obi Ngwa,Abia,Nigeria,5.1522715,7.4478142,town,0,264900,0,10,,0.1,
Oredo,Edo,Nigeria,6.2297631,5.5617902,town,0,553300,0,21,,0.21,
Jos North,Plateau,Nigeria,9.9421959,8.8929852,town,0,643200,0,2555,,0.25,
Arewa-Dandi,Kebbi,Nigeria,12.7215033,4.0747579,town,0,324200,0,12,,0.12,
Irepodun,Kwara,Nigeria,8.1935788,4.8549459,town,0,221600,0,8,,0.08,
Kafin Hausa,Jigawa,Nigeria,12.1643718,9.9873569,town,0,459600,0,18,,0.18,
Jema'A,Kaduna,Nigeria,9.4136358,8.2529284,town,0,411000,0,923,,0.16,
Alimosho,Lagos,Nigeria,6.5843882,3.2575876,town,0,1953500,0,79,,0.79,
Ngaski,Kebbi,Nigeria,10.5767008,4.7208828,town,0,215400,0,8,,0.08,
Oyo West,Oyo,Nigeria,7.9571932,3.8166315,town,0,195000,0,7,,0.07,
Ardo-Kola,Taraba,Nigeria,8.8470989,11.1325195,town,0,138100,0,1535,,0.04,
Dawakin Kudu,Kano,Nigeria,11.7974796,8.7065887,town,0,370900,0,202,,0.14,
Ado,Benue,Nigeria,7.802282,7.6482445,town,0,266200,0,6158,,0.1,
Chanchaga,Niger,Nigeria,9.6194134,6.5496471,town,0,346700,0,13,,0.13,
Gbonyin,Ekiti,Nigeria,7.60653,5.49894,town,0,221600,0,8,,0.08,
Yusufari,Yobe,Nigeria,13.156975,10.4922742,town,0,174100,0,593,,0.06,
Mai'Adua,Katsina,Nigeria,13.161061,8.2129682,town,0,360700,0,2834,,0.13,
Ilaje,Ondo,Nigeria,6.1963821,4.7590558,town,0,445200,0,17,,0.17,
Guyuk,Adamawa,Nigeria,9.8359475,11.9223112,town,0,272200,0,3126,,0.1,
Nafada,Gombe,Nigeria,11.0505637,11.2551261,town,0,234700,0,231,,0.08,
Langtang North,Plateau,Nigeria,9.0494609,9.8187243,town,0,209400,0,688,,0.07,
Kiru,Kano,Nigeria,11.5568483,8.0989509,town,0,439400,0,321,,0.17,
Port-Harcourt,Rivers,Nigeria,4.7676576,7.0188527,town,0,774600,0,30,,0.3,
Saki West,Oyo,Nigeria,8.6429222,3.2031583,town,0,390500,0,15,,0.15,
Wasagu/Danko,Kebbi,Nigeria,11.3811741,5.7464525,town,0,453200,0,17,,0.17,
Konshisha,Benue,Nigeria,7.1204698,8.6180473,town,0,327000,0,5700,,0.12,
Ona-Ara,Oyo,Nigeria,7.258719,4.0649434,town,0,379500,0,14,,0.14,
Darazo,Bauchi,Nigeria,11.1188755,10.5562017,town,0,446300,0,696,,0.17,
Umuahia North,Abia,Nigeria,5.6078214,7.4762003,town,0,324900,0,12,,0.12,
Ilorin South,Kwara,Nigeria,8.4404502,4.6894414,town,0,314100,0,12,,0.12,
Babura,Jigawa,Nigeria,12.6050122,8.8275802,town,0,366200,0,14,,0.14,
Etsako West,Edo,Nigeria,6.9969282,6.3018014,town,0,294000,0,11,,0.11,
Anaocha,Anambra,Nigeria,6.0922999,7.0211714,town,0,405000,0,15,,0.15,
Ussa,Taraba,Nigeria,7.1040816,10.0535879,town,0,143000,0,645,,0.05,
Birnin-Gwari,Kaduna,Nigeria,10.8837699,6.585878,town,0,382000,0,2017,,0.14,
Ganye,Adamawa,Nigeria,8.4379908,11.8544901,town,0,262100,0,258,,0.09,
Kala/Balge,Borno,Nigeria,11.906762,14.4562539,town,0,89100,0,39536,,0.02,
Gwarzo,Kano,Nigeria,11.9009397,7.9836793,town,0,302000,0,250,,0.11,
Kusada,Katsina,Nigeria,12.4618432,7.9485737,town,0,175800,0,515,,0.06,
Ndokwa West,Delta,Nigeria,5.8260994,6.4163551,town,0,205600,0,7,,0.07,
Kiri Kasama,Jigawa,Nigeria,12.5980744,10.2514157,town,0,331200,0,12,,0.12,
Afikpo South,Ebonyi,Nigeria,5.8274591,7.7839142,town,0,234700,0,8,,0.08,
Mbaitoli,Imo,Nigeria,5.5935473,7.0191523,town,0,330100,0,12,,0.12,
Enugu North,Enugu,Nigeria,6.4410785,7.5383207,town,0,347500,0,13,,0.13,
Kolokuma/Opokuma,Bayelsa,Nigeria,5.0663759,6.2461084,town,0,118000,0,4,,0.04,
Oruk Anam,Akwa Ibom,Nigeria,4.820235,7.6508147,town,0,219300,0,8,,0.08,
Maiyama,Kebbi,Nigeria,12.0068975,4.2962992,town,0,296900,0,11,,0.11,
Ado Ekiti,Ekiti,Nigeria,7.6232482,5.22274,town,0,469700,0,18,,0.18,
Adavi,Kogi,Nigeria,7.6844146,6.4667075,town,0,292800,0,11,,0.11,
Ondo West,Ondo,Nigeria,7.0331466,4.7687111,town,0,443800,0,17,,0.17,
Kaga,Borno,Nigeria,11.6008803,12.5301876,town,0,131900,0,12982,,0.04,
Degema,Rivers,Nigeria,4.5905613,6.9389479,town,0,358800,0,13,,0.13,
Kubau,Kaduna,Nigeria,10.8121331,8.3609171,town,0,414700,0,826,,0.16,
Etung,Cross River,Nigeria,5.8739933,8.8076153,town,0,121900,0,4,,0.04,
Sokoto North,Sokoto,Nigeria,13.0665791,5.2331985,town,0,402200,0,1196,,0.15,
Hong,Adamawa,Nigeria,10.2622947,12.9479254,town,0,260900,0,1233,,0.09,
Damban,Bauchi,Nigeria,11.617606,10.7666868,town,0,268200,0,826,,0.1,
Nasarawa-Eggon,Nasarawa,Nigeria,8.74947,8.44035,town,0,229100,0,243,,0.08,
Vandeikya,Benue,Nigeria,6.8334444,9.0458344,town,0,338700,0,1254,,0.13,
Gabasawa,Kano,Nigeria,12.1348836,8.8570347,town,0,347400,0,242,,0.13,
Gudu,Sokoto,Nigeria,13.4596132,4.4512601,town,0,164700,0,914,,0.05,
Itas/Gadau,Bauchi,Nigeria,11.877064,10.0445349,town,0,408100,0,540,,0.15,
Idemili North,Anambra,Nigeria,6.1371462,6.8856971,town,0,614200,0,24,,0.24,
Lavun,Niger,Nigeria,9.3823776,5.6366923,town,0,359800,0,13,,0.13,
Gwer East,Benue,Nigeria,7.378217,8.3527425,town,0,243500,0,9,,0.09,
Esan West,Edo,Nigeria,6.654649,6.1396625,town,0,188700,0,6,,0.06,
Jakusko,Yobe,Nigeria,12.3691,10.7744631,town,0,365500,0,840,,0.14,
Ibi,Taraba,Nigeria,8.182155,9.7472789,town,0,132600,0,652,,0.04,
Orhionmwon,Edo,Nigeria,6.0884175,5.9483601,town,0,271800,0,10,,0.1,
Kaiama,Kwara,Nigeria,9.5360179,4.1148138,town,0,186200,0,6,,0.06,
Ifelodun,Kwara,Nigeria,7.9045165,4.6370338,town,0,307700,0,11,,0.11,
Balanga,Gombe,Nigeria,9.945255,11.600761,town,0,354100,0,3137,,0.13,
Kurmi,Taraba,Nigeria,7.2643351,10.7014076,town,0,143600,0,650,,0.05,
Sagamu,Ogun,Nigeria,6.8477165,3.6440551,town,0,435200,0,17,,0.17,
Borgu,Niger,Nigeria,10.1967653,4.0920206,town,0,296500,0,11,,0.11,
Zangon-Kataf,Kaduna,Nigeria,9.8968169,8.2582128,town,0,471300,0,18,,0.18,
Akpabuyo,Cross River,Nigeria,4.8956343,8.4803881,town,0,414700,0,16,,0.16,
Kirfi,Bauchi,Nigeria,10.4393765,10.5360929,town,0,260100,0,480,,0.09,
Akoko-Edo,Edo,Nigeria,7.3523936,6.1252351,town,0,386400,0,15,,0.15,
Dass,Bauchi,Nigeria,10.0114079,9.4718203,town,0,160900,0,504,,0.05,
Izzi,Ebonyi,Nigeria,6.5523734,8.2718633,town,0,352500,0,13,,0.13,
Warri North,Delta,Nigeria,5.9235305,5.1348618,town,0,186600,0,6,,0.06,
Ilorin West,Kwara,Nigeria,8.4864338,4.5138928,town,0,548300,0,21,,0.21,
Igalamela-Odolu,Kogi,Nigeria,7.0354145,7.0591062,town,0,198200,0,7,,0.07,
Ado-Odo/Ota,Ogun,Nigeria,6.6244986,3.0822509,town,0,896700,0,35,,0.35,
Katagum,Bauchi,Nigeria,11.6557328,10.3503719,town,0,523200,0,1527,,0.2,
Yagba East,Kogi,Nigeria,8.1347528,5.7048151,town,0,199000,0,7,,0.07,
Ibadan North East,Oyo,Nigeria,7.3939066,3.9273483,town,0,473700,0,18,,0.18,
Soba,Kaduna,Nigeria,10.9579962,8.0299052,town,0,430200,0,236,,0.16,
Yamaltu/Deba,Gombe,Nigeria,10.3071708,11.3732153,town,0,428200,0,1063,,0.16,
Ibiono Ibom,Akwa Ibom,Nigeria,5.2040105,7.8974506,town,0,240700,0,9,,0.09,
Khana,Rivers,Nigeria,4.6693695,7.4375406,town,0,421300,0,16,,0.16,
Mobbar,Borno,Nigeria,13.0669035,12.6776969,town,0,170900,0,26555,,0.06,
Argungu,Kebbi,Nigeria,12.6967675,4.4473728,town,0,342100,0,13,,0.13,
Zing,Taraba,Nigeria,8.8585801,11.7650828,town,0,200900,0,392,,0.07,
Rafi,Niger,Nigeria,10.2138948,6.2071102,town,0,319200,0,12,,0.12,
Ughelli North,Delta,Nigeria,5.4868836,6.0175259,town,0,439500,0,17,,0.17,
Kanam,Plateau,Nigeria,9.491138,10.1545302,town,0,246600,0,995,,0.09,
Aba South,Abia,Nigeria,5.0876592,7.3497135,town,0,622400,0,24,,0.24,
Baruten,Kwara,Nigeria,9.384549,3.4806575,town,0,310300,0,11,,0.11,
Pategi,Kwara,Nigeria,8.6704602,5.8172728,town,0,166400,0,6,,0.06,
Dala,Kano,Nigeria,12.0296959,8.4909615,town,0,688700,0,163,,0.27,
Jada,Adamawa,Nigeria,8.6964628,12.3215818,town,0,259700,0,132,,0.09,
Southern Ijaw,Bayelsa,Nigeria,4.7132198,5.8767913,town,0,479000,0,18,,0.18,
Ose,Ondo,Nigeria,7.0510139,5.7286513,town,0,221400,0,8,,0.08,
Okpokwu,Benue,Nigeria,7.0453758,7.9101002,town,0,253500,0,9,,0.09,
Song,Adamawa,Nigeria,9.7789798,12.642119,town,0,301000,0,571,,0.11,
Umu-Nneochi,Abia,Nigeria,5.9731936,7.4053403,town,0,237500,0,8,,0.08,
Sardauna,Taraba,Nigeria,6.929532,11.2229288,town,0,352900,0,558,,0.13,
Dutsin-Ma,Katsina,Nigeria,12.4067522,7.527285,town,0,303500,0,1955,,0.11,
Ife East,Osun,Nigeria,7.403415,4.5995946,town,0,244900,0,9,,0.09,
Kajola,Oyo,Nigeria,8.0285326,3.3585943,town,0,286600,0,10,,0.1,
Guma,Benue,Nigeria,7.8682914,8.8286537,town,0,280300,0,36142,,0.1,
Shendam,Plateau,Nigeria,8.7365546,9.5155524,town,0,301800,0,1548,,0.11,
Bukkuyum,Zamfara,Nigeria,11.98501,5.5834557,town,0,384900,0,6035,,0.14,
Rijau,Niger,Nigeria,11.0430889,5.2174572,town,0,302200,0,11,,0.11,
Biriniwa,Jigawa,Nigeria,12.8364638,10.0835719,town,0,244200,0,9,,0.09,
Anambra West,Anambra,Nigeria,6.4925694,6.7765786,town,0,238400,0,8,,0.08,
Odo-Otin,Osun,Nigeria,8.0074435,4.6790483,town,0,171500,0,6,,0.06,
Saki East,Oyo,Nigeria,8.710249,3.5676274,town,0,155700,0,5,,0.05,
Lagelu,Oyo,Nigeria,7.5116973,4.0789034,town,0,211700,0,7,,0.07,
Potiskum,Yobe,Nigeria,11.7122553,11.0762744,town,0,322100,0,2668,,0.12,
Shomgom,Gombe,Nigeria,9.67366,11.2566,town,0,252800,0,106,,0.09,
Tarmua,Yobe,Nigeria,12.226929,11.8318975,town,0,122100,0,2950,,0.04,
Lere,Kaduna,Nigeria,10.3617511,8.5723993,town,0,501900,0,3909,,0.19,
Funakaye,Gombe,Nigeria,10.8541991,11.4446812,town,0,398000,0,1132,,0.15,
Ogun Waterside,Ogun,Nigeria,6.4608378,4.3903695,town,0,126200,0,4,,0.04,
Nganzai,Borno,Nigeria,12.4493445,13.1252411,town,0,145200,0,51927,,0.05,
Ethiope West,Delta,Nigeria,5.9113228,5.7758592,town,0,277800,0,10,,0.1,
Bagudo,Kebbi,Nigeria,11.4040393,4.2277586,town,0,406700,0,15,,0.15,
Iwajowa,Oyo,Nigeria,7.9901335,2.9887347,town,0,147000,0,5,,0.05,
Magama,Niger,Nigeria,10.2990765,5.0610888,town,0,311300,0,11,,0.11,
Sabon-Gari,Kaduna,Nigeria,11.1665681,7.7068114,town,0,430500,0,219,,0.16,
Akure South,Ondo,Nigeria,7.22318,5.1688323,town,0,553400,0,21,,0.21,
Ogbomosho North,Oyo,Nigeria,8.1568767,4.2633807,town,0,284200,0,10,,0.1,
Ijero,Ekiti,Nigeria,7.8317358,5.0583553,town,0,332200,0,12,,0.12,
Paikoro,Niger,Nigeria,9.4930391,6.8376786,town,0,271300,0,10,,0.1,
Karim-Lamido,Taraba,Nigeria,9.1473131,10.8580208,town,0,305100,0,751,,0.11,
Gamawa,Bauchi,Nigeria,12.014595,10.5934781,town,0,507900,0,699,,0.19,
Essien Udim,Akwa Ibom,Nigeria,5.1035626,7.6567273,town,0,246600,0,9,,0.09,
Musawa,Katsina,Nigeria,12.1112494,7.7097378,town,0,303800,0,1259,,0.11,
Abeokuta South,Ogun,Nigeria,7.1594138,3.3645466,town,0,425700,0,16,,0.16,
Isiala-Mbano,Imo,Nigeria,5.6846895,7.1963538,town,0,275100,0,10,,0.1,
Yakurr,Cross River,Nigeria,5.8176086,8.1779057,town,0,298900,0,11,,0.11,
Birnin Kudu,Jigawa,Nigeria,11.4514358,9.477428,town,0,540100,0,21,,0.21,
Ogba-Egbema-Ndoni,Rivers,Nigeria,5.4512857,6.6409178,town,0,407400,0,15,,0.15,
Hawul,Borno,Nigeria,10.4545467,12.3077703,town,0,176900,0,9077,,0.06,
Atiba,Oyo,Nigeria,8.2356925,3.8685804,town,0,240500,0,9,,0.09,
Abua-Odual,Rivers,Nigeria,4.8469396,6.5600328,town,0,406200,0,15,,0.15,
Mani,Katsina,Nigeria,12.9074412,7.9331795,town,0,315100,0,1379,,0.12,
Dambatta,Kano,Nigeria,12.428521,8.5965507,town,0,346200,0,190,,0.13,
Lamurde,Adamawa,Nigeria,9.6072357,11.7930477,town,0,171600,0,1860,,0.06,
Ganjuwa,Bauchi,Nigeria,10.7493609,9.9899566,town,0,497300,0,200,,0.19,
Enugu East,Enugu,Nigeria,6.5483445,7.5568359,town,0,397700,0,15,,0.15,
Aleiro,Kebbi,Nigeria,12.3203117,4.4531952,town,0,114600,0,3,,0.03,
Akamkpa,Cross River,Nigeria,5.389646,8.5446556,town,0,228000,0,8,,0.08,
Sumaila,Kano,Nigeria,11.2581601,8.8702242,town,0,411800,0,108,,0.16,
Edu,Kwara,Nigeria,8.8453918,5.2120792,town,0,302700,0,11,,0.11,
Ukum,Benue,Nigeria,7.6077266,9.6059233,town,0,313300,0,7566,,0.12,
Tambuwal,Sokoto,Nigeria,12.3986484,4.9429866,town,0,389900,0,2080,,0.15,
Moro,Kwara,Nigeria,8.8535638,4.5154722,town,0,163200,0,5,,0.05,
Jahun,Jigawa,Nigeria,12.0753808,9.6257925,town,0,395300,0,15,,0.15,
Dukku,Gombe,Nigeria,10.7799177,10.8210523,town,0,347700,0,298,,0.13,
Malam Madori,Jigawa,Nigeria,12.5297795,9.8959769,town,0,283400,0,10,,0.1,
Kabba/Bunu,Kogi,Nigeria,8.0700981,6.1414186,town,0,194900,0,7,,0.07,
Muya,Niger,Nigeria,10.749001,7.115305,town,0,177500,0,6,,0.06,
Dandi,Kebbi,Nigeria,11.9019676,3.7945764,town,0,249800,0,9,,0.09,
Warri South West,Delta,Nigeria,5.6042277,5.3230331,town,0,159700,0,5,,0.05,
Aniocha South,Delta,Nigeria,6.1419725,6.4773901,town,0,194700,0,7,,0.07,
Dutse,Jigawa,Nigeria,11.6909859,9.3390747,conflict_zone,7,431800,0,43,04/10/2022,0.43,
Abuja Municipal Area Council,Enugu,Nigeria,9.0643305,7.4892974,conflict_zone,24,1693400,17,68,15/09/2022,0.68,
Ekeremor,Bayelsa,Nigeria,4.9440156,5.710206,conflict_zone,1,401300,3,40,28/10/2022,0.37,
Zurmi,Zamfara,Nigeria,12.8632427,6.7601807,conflict_zone,22,523000,53,2758,22/09/2022,0.52,
Oturkpo,Benue,Nigeria,7.1912599,8.1328576,conflict_zone,8,384600,2,654,03/08/2022,0.38,
Maiduguri,Borno,Nigeria,11.8395375,13.1536214,conflict_zone,46,791200,59,59761,03/08/2022,0.8,
Egbeda,Oyo,Nigeria,7.3926446,4.0387216,conflict_zone,1,405400,0,40,10/08/2022,0.4,
Mangu,Plateau,Nigeria,9.3622293,9.1816302,conflict_zone,19,442100,120,676,27/08/2022,0.44,
Uyo,Akwa Ibom,Nigeria,4.990237,7.9974399,conflict_zone,18,390400,6,39,06/08/2022,0.39,
Kuje,Enugu,Nigeria,8.6984415,7.3004993,conflict_zone,1,212100,0,20,29/08/2022,0.2,
Shani,Borno,Nigeria,10.151198,11.9796686,conflict_zone,2,148000,7,677,04/08/2022,0.14,
Igabi,Kaduna,Nigeria,10.7490822,7.5289498,conflict_zone,10,636400,13,1236,30/08/2022,0.64,
Katsina,Katsina,Nigeria,12.5630825,7.6207063,conflict_zone,17,568600,11,8788,03/08/2022,0.57,
Gummi,Zamfara,Nigeria,12.0443133,5.1088086,conflict_zone,5,367800,8,3113,20/08/2022,0.36,
Mashegu,Niger,Nigeria,9.8155045,5.2392304,conflict_zone,6,369100,59,37,15/12/2022,0.37,
Wukari,Taraba,Nigeria,7.8705196,9.7775523,conflict_zone,4,374800,8,8717,18/04/2023,0.37,
Gada,Sokoto,Nigeria,13.6829016,5.7011027,conflict_zone,1,429900,0,708,18/08/2022,0.43,
Ifo,Ogun,Nigeria,6.7563533,3.2416864,conflict_zone,5,917000,6,92,12/10/2022,0.92,
Aguata,Anambra,Nigeria,5.9842248,7.0906432,conflict_zone,1,527200,0,53,13/08/2022,0.53,
Kukawa,Borno,Nigeria,13.1239109,13.7775223,conflict_zone,4,297900,64,7152,06/02/2023,0.29,
Okene,Kogi,Nigeria,7.4610396,6.398817,conflict_zone,4,438900,5,44,05/08/2022,0.44,
Geidam,Yobe,Nigeria,12.8952043,11.9264702,conflict_zone,4,244900,2,4043,10/09/2022,0.24,
Bali,Taraba,Nigeria,8.0906258,10.9522619,conflict_zone,4,332000,16,2009,07/08/2022,0.33,
Rimin Gado,Kano,Nigeria,11.9243341,8.3318596,conflict_zone,1,170000,0,245,18/03/2023,0.16,
Nasarawa,Kano,Nigeria,8.4387868,8.2382849,conflict_zone,1,980900,6,751,02/12/2022,0.99,
Ogoja,Cross River,Nigeria,6.5278029,8.6878448,conflict_zone,4,261300,0,25,21/12/2022,0.25,
Fufore,Adamawa,Nigeria,9.2577101,12.7592871,conflict_zone,1,323000,1,3805,06/01/2023,0.32,
Akwanga,Nasarawa,Nigeria,9.0152703,8.3406254,conflict_zone,6,172800,0,244,23/09/2022,0.16,
Owo,Ondo,Nigeria,7.1962012,5.5868016,conflict_zone,1,341400,0,34,28/01/2023,0.34,
Bauchi,Bauchi,Nigeria,10.6228284,10.0287754,conflict_zone,15,881600,7,2806,30/08/2022,0.89,
Kankara,Katsina,Nigeria,11.9720225,7.3609374,conflict_zone,8,434700,40,10312,08/09/2022,0.43,
Nguru,Yobe,Nigeria,12.875615,10.4540091,conflict_zone,2,236900,1,2887,21/01/2023,0.23,
Nsukka,Enugu,Nigeria,6.8561,7.3927,conflict_zone,7,444100,0,44,27/10/2022,0.44,
Giwa,Kaduna,Nigeria,11.0464629,7.2339435,conflict_zone,13,432000,68,548,08/08/2022,0.43,
Augie,Kebbi,Nigeria,12.9010929,4.6290649,conflict_zone,2,198800,7,19,17/08/2022,0.19,
Bassa,Kogi,Nigeria,10.0561748,8.817865,conflict_zone,1,188300,0,966,20/08/2022,0.18,
Ohafia,Abia,Nigeria,5.6629148,7.8324886,conflict_zone,1,358200,0,35,02/03/2023,0.35,
Gwoza,Borno,Nigeria,11.0831008,13.6941974,conflict_zone,21,405200,183,38581,03/08/2022,0.41,
Shiroro,Niger,Nigeria,10.0841804,6.7189286,conflict_zone,7,404200,54,40,08/09/2022,0.4,
Magumeri,Borno,Nigeria,12.1432355,12.6629372,conflict_zone,3,205500,2,10410,03/08/2022,0.2,
Kauru,Kaduna,Nigeria,10.3557988,8.1828454,conflict_zone,1,326900,0,2298,11/06/2023,0.32,
Mariga,Niger,Nigeria,10.6073683,5.8670483,conflict_zone,4,342400,35,34,27/09/2022,0.34,
Gwagwalada,Enugu,Nigeria,9.079515,7.0441131,conflict_zone,6,346000,3,34,06/10/2022,0.34,
Sapele,Delta,Nigeria,5.8948144,5.6795885,conflict_zone,7,238800,6,23,02/09/2022,0.23,
Gboko,Benue,Nigeria,7.3778482,8.8713224,conflict_zone,10,521700,12,216,03/09/2022,0.52,
Talata Mafara,Zamfara,Nigeria,12.3990101,6.0825831,conflict_zone,3,383700,2,7732,29/11/2022,0.38,
Onicha,Ebonyi,Nigeria,6.1085424,7.8142408,conflict_zone,4,352400,2,35,17/10/2022,0.35,
Bonny,Rivers,Nigeria,4.505781,7.203466,conflict_zone,2,309200,0,30,18/03/2023,0.3,
Gombe,Gombe,Nigeria,10.4304018,11.2065408,conflict_zone,6,446800,0,4084,04/10/2022,0.44,
Bwari,Enugu,Nigeria,9.2357478,7.4718746,conflict_zone,3,500100,2,50,25/02/2023,0.5,
Birnin Kebbi,Kebbi,Nigeria,12.4573462,4.2006114,conflict_zone,6,458900,2,46,27/08/2022,0.46,
Toungo,Adamawa,Nigeria,8.11751,12.0469523,conflict_zone,1,80500,1,208,09/04/2023,0.07,
Batsari,Katsina,Nigeria,12.845422,7.2679827,conflict_zone,25,371500,45,10397,04/09/2022,0.37,
Maigatari,Jigawa,Nigeria,12.6935744,9.6103451,conflict_zone,1,304500,1,30,10/02/2023,0.3,
Sabon Birni,Sokoto,Nigeria,13.5311002,6.2175118,conflict_zone,3,358100,8,4214,03/09/2022,0.35,
Damboa,Borno,Nigeria,11.0793105,12.6688633,conflict_zone,25,341700,100,37091,17/09/2022,0.34,
Ikere,Ekiti,Nigeria,7.5135717,5.2202759,conflict_zone,1,222400,0,21,15/05/2023,0.21,
Ningi,Bauchi,Nigeria,11.0046287,9.2016788,conflict_zone,12,689300,8,758,25/08/2022,0.69,
Tudun Wada,Kano,Nigeria,11.315692,8.5239039,conflict_zone,1,376100,0,35,24/02/2023,0.37,
Mushin,Lagos,Nigeria,6.5247655,3.3516348,conflict_zone,1,935400,0,94,04/10/2022,0.94,
Awe,Nasarawa,Nigeria,8.2167306,9.1609237,conflict_zone,1,174600,2,918,06/10/2022,0.17,
Gujba,Yobe,Nigeria,11.344585,11.9202736,conflict_zone,3,204100,7,20412,25/09/2022,0.2,
Gusau,Zamfara,Nigeria,12.1658358,6.6606398,conflict_zone,34,682700,28,8274,18/08/2022,0.69,
Kwande,Benue,Nigeria,6.8549397,9.3998035,conflict_zone,4,359000,50,4952,03/03/2023,0.36,
Wase,Plateau,Nigeria,9.0070529,10.2440209,conflict_zone,1,235200,3,358,17/10/2022,0.23,
Bama,Borno,Nigeria,11.5234506,13.6912049,conflict_zone,50,395800,570,91913,02/08/2022,0.41,
Yenagoa,Bayelsa,Nigeria,4.9334651,6.2747786,conflict_zone,19,524400,7,52,11/08/2022,0.52,
Jalingo,Taraba,Nigeria,8.894985,11.360042,conflict_zone,9,220700,6,2015,20/10/2022,0.21,
Mokwa,Niger,Nigeria,9.1218968,5.3232819,conflict_zone,2,416600,0,41,16/12/2022,0.41,
Igueben,Edo,Nigeria,6.6018648,6.242448,conflict_zone,1,103800,0,9,07/01/2023,0.09,
Daura,Katsina,Nigeria,13.035917,8.319388,conflict_zone,1,401900,0,452,19/11/2022,0.4,
Odeda,Ogun,Nigeria,7.3126235,3.4564069,conflict_zone,1,186300,0,18,27/09/2022,0.18,
Oron,Akwa Ibom,Nigeria,4.8169432,8.2369999,conflict_zone,3,111300,1,10,10/09/2022,0.1,
Tafawa-Balewa,Bauchi,Nigeria,9.8441524,9.5933061,conflict_zone,2,395200,4,2417,21/01/2023,0.39,
Barkin Ladi,Plateau,Nigeria,9.57549,8.970077,conflict_zone,7,264500,35,26,25/02/2023,0.26,
Mkpat Enin,Akwa Ibom,Nigeria,4.7047345,7.7610095,conflict_zone,1,226200,1,22,13/04/2023,0.22,
Okitipupa,Ondo,Nigeria,6.5654448,4.7294512,conflict_zone,1,359700,0,35,21/06/2023,0.35,
Kafur,Katsina,Nigeria,11.632705,7.6975486,conflict_zone,1,374200,1,2072,20/10/2022,0.37,
Maiha,Adamawa,Nigeria,9.8562705,13.1576397,conflict_zone,1,169900,2,5579,02/05/2023,0.16,
Zuru,Kebbi,Nigeria,11.436776,5.2311774,conflict_zone,1,282500,1,28,03/09/2022,0.28,
Maru,Zamfara,Nigeria,11.6364829,6.3200966,conflict_zone,8,521500,64,4150,13/10/2022,0.52,
Alkaleri,Bauchi,Nigeria,9.896816,10.4308366,conflict_zone,3,586200,24,384,19/12/2022,0.59,
Michika,Adamawa,Nigeria,10.577505,13.4045579,conflict_zone,1,239400,1,3900,04/12/2022,0.23,
Gwadabawa,Sokoto,Nigeria,13.4160911,5.3227333,conflict_zone,3,399700,22,887,18/08/2022,0.4,
Umuahia South,Abia,Nigeria,5.4980793,7.4618449,conflict_zone,1,202500,0,19,09/08/2022,0.19,
Karu,Nasarawa,Nigeria,8.995008,7.7512256,conflict_zone,4,333800,38,2054,24/03/2023,0.33,
Biu,Borno,Nigeria,10.6146098,12.1909612,conflict_zone,6,257500,7,12552,17/10/2022,0.25,
Toro,Bauchi,Nigeria,10.3502951,9.328662,conflict_zone,2,617800,2,3335,04/11/2022,0.62,
Chikun,Kaduna,Nigeria,10.4202275,7.3135795,conflict_zone,16,550000,38,4288,08/08/2022,0.55,
Takai,Kano,Nigeria,11.4853125,9.1560448,conflict_zone,1,333300,1,253,25/02/2023,0.33,
Ejigbo,Osun,Nigeria,7.8999894,4.3167086,conflict_zone,1,172000,0,16,25/02/2023,0.16,
Abadam,Borno,Nigeria,13.3704259,13.2681609,conflict_zone,5,146600,53,3025,20/08/2022,0.14,
Gwaram,Jigawa,Nigeria,11.2198673,10.0506649,conflict_zone,1,466600,3,46,03/07/2023,0.46,
Iseyin,Oyo,Nigeria,7.9710106,3.5956141,conflict_zone,5,365300,1,36,17/09/2022,0.36,
Tureta,Sokoto,Nigeria,12.5190328,5.4949963,conflict_zone,2,118100,0,1959,20/12/2022,0.11,
Ikom,Cross River,Nigeria,5.962765,8.7239694,conflict_zone,3,249300,0,24,18/11/2022,0.24,
Gassol,Taraba,Nigeria,8.3828235,10.4650956,conflict_zone,1,385500,0,3255,14/08/2022,0.38,
Gubio,Borno,Nigeria,12.6718417,12.7756347,conflict_zone,2,221700,3,25756,24/09/2022,0.21,
Ungogo,Kano,Nigeria,12.0916,8.49534,conflict_zone,2,601500,2,314,20/03/2023,0.6,
Ikwo,Ebonyi,Nigeria,6.0830204,8.1856299,conflict_zone,1,320200,3,31,18/11/2022,0.31,
Ngala,Borno,Nigeria,12.3758114,14.0852342,conflict_zone,5,346500,30,81136,16/08/2022,0.34,
Camp(1),Kubwa,Nigeria,9.07063495,7.425666288,idpcamp,0,300000,0,0,,0,"['kubwa', 'apo', 'lugbe', 'malayasian', 'wassa', 'durumi']"
Camp(2),Kubwa,Nigeria,11.9362785,13.26658401,idpcamp,0,100000,0,0,,0,"['dalori2', 'bulabulin', 'bakassi', 'stadium', 'mandarari', 'konduga', 'dalori']"
Camp(3),Kubwa,Nigeria,12.0708141,13.91038855,idpcamp,0,30000,0,0,,0,"['sangaya', 'masarmari', 'maisarmari']"
Camp(4),Borno,Nigeria,11.69122413,14.01915057,idpcamp,0,50000,0,0,,0,['banki']
Camp(5),Borno,Nigeria,11.41073617,12.68873265,idpcamp,0,100000,0,0,,0,['damboa']
Camp(6),Borno,Nigeria,12.46275236,14.17560645,idpcamp,0,50000,0,0,,0,"['ladari', 'gambaru', 'ngala']"
Camp(7),Borno,Nigeria,12.78726987,13.63576877,idpcamp,0,100000,0,0,,0,['monguno']
Camp(8),Borno,Nigeria,11.4562985,13.77919438,idpcamp,0,50000,0,0,,0,['pulka']
Camp(9),Borno,Nigeria,9.857886224,8.887861067,idpcamp,0,200000,0,0,,0,['bukuru']
Camp(10),Zamfara,Nigeria,12.17433443,5.91723101,idpcamp,0,150000,0,0,,0,['anka']
Camp(11),Makurdi,Nigeria,7.880175354,8.555395907,idpcamp,0,100000,0,0,,0,['agan']
Camp(12),Kalahi,Nigeria,9.240256262,12.39815975,idpcamp,0,100000,0,0,,0,"['malkohi', 'malkohi_yola']"
Camp(13),Guma,Nigeria,9.901973223,8.289947653,idpcamp,0,100000,0,0,,0,['mbawa']
Camp(14),Guma,Nigeria,7.917702898,8.861617762,idpcamp,0,100000,0,0,,0,['gbajimba']
